model_key,run_id,MAE,RMSE,R2
gbr,5fd8cc348c64451cae22ec15ac5e80bf,24.950325530772652,34.05238962276114,0.6733572987851835
hgb,f4fe602cb6244c9681f97c778d380b8c,25.369835349490526,35.104400576112745,0.6528630095903841
rf,55bd139c43964f5883c8fdf3c050a506,24.955622403946002,35.34533936102489,0.6480815126668722
lgbm,5229f99ca5f545c48eed674ca0cd7729,25.49426599476587,35.54311962264297,0.6441320660033892
xgb,4c92b72d34a44c9bbd3e2123c8217cbc,25.779417598856032,35.820899302542124,0.638547909988864
ridge,dca292848af54d29a0fbb5b6dbdecc73,31.413236404520063,38.60099308184504,0.5802654431086108
