model_key,run_id,MAE,RMSE,R2
gbr,b6b30c18d23844b082214e8fe94caaf2,24.950325530772652,34.05238962276114,0.6733572987851835
hgb,bc3760884f4948a2991e340ac41c6f31,25.369835349490526,35.104400576112745,0.6528630095903841
rf,c80026506aba45e0866c6a54cb858c78,24.955622403946002,35.34533936102489,0.6480815126668722
lgbm,bd424ec60a474307b864aff8c6c778c9,25.49426599476587,35.54311962264297,0.6441320660033892
xgb,a0ca82a9e7db489583e18b871d97f4ad,25.779417598856032,35.820899302542124,0.638547909988864
ridge,8e8142602da14665ba911c5d219d22a3,31.413236404520063,38.60099308184504,0.5802654431086108
