{
  "best_config": {
    "model_key": "gbr",
    "window": 30,
    "RMSE_mean": 38.75585599718658,
    "RMSE_std": 4.995623715302248,
    "MAE_mean": 27.005092179609402,
    "R2_mean": 0.6674128515777363,
    "runs": 3
  },
  "best_run": {
    "model_key": "gbr",
    "run_id": "ce17829b8cf2429cbea581a59cc16942",
    "window": 30,
    "seed": 42,
    "MAE": 25.434690111439707,
    "RMSE": 34.17421230298704,
    "R2": 0.6710159847837335
  }
}